model,precision,recall,map50,map50_95
cpu_smoke_yolov8n,0.2830097083856144,0.4994165008296792,0.37621085274212757,0.1645582053378818
