model,precision,recall,map50,map50_95
yolov8n_neu,0.7363123657745967,0.7064728937014343,0.7699005095126651,0.4204998425467028
