model,precision,recall,map50,map50_95
yolov8s_neu,0.7807703485392046,0.6677115476068618,0.7455614460049693,0.4131049581595218
